,Name,similarity,house
2,Aegon Targaryen,0.7446750998497009,targaryen
689,Renly Baratheon,0.7171259224414825,baratheon
702,Robert Baratheon,0.7160229980945587,baratheon
411,Joffrey Baratheon,0.7128421366214752,baratheon
911,Zei,0.7072672843933105,
584,Myrcella Baratheon,0.7008068859577179,baratheon
840,Ulf the Ill,0.6916308403015137,the
151,Cotter Pyke,0.6879758834838867,pyke
809,Timett,0.6860097050666809,
671,Ragnor Pyke,0.6841874420642853,pyke
678,Randa,0.6771686673164368,
878,Wex Pyke,0.6739815473556519,pyke
482,Lucas Blackwood,0.6726671755313873,blackwood
483,Lucas Codd,0.6691220700740814,codd
913,Yurkhaz zo Yunzak,0.6685528755187988,zo
366,Hullen,0.6676886081695557,
914,Yezzan Zo Qaggaz,0.6665968298912048,zo
757,Shireen Baratheon,0.6646259427070618,baratheon
395,Jeren,0.663209080696106,
238,Enger,0.6630451083183289,
163,Dagon Codd,0.6628507673740387,codd
83,Benedar Belmore,0.6617219150066376,belmore
68,Barth (brewer),0.6594480872154236,(brewer)
518,Maron Volmark,0.658581554889679,volmark
865,Walton,0.6583092212677002,
693,Rhogoro,0.6582756638526917,
857,Viserys Targaryen,0.656589686870575,targaryen
843,Umar,0.6548267602920532,
853,Vargo Hoat,0.6545576453208923,hoat
585,Myria Jordayne,0.6542362570762634,jordayne
822,Tremond Gargalen,0.6518663763999939,gargalen
819,Torrhen Karstark,0.6506827771663666,karstark
829,Tycho Nestoris,0.6492056846618652,nestoris
662,Quellon Humble,0.6491518914699554,humble
823,Tristifer Botley,0.6489303708076477,botley
754,Shagga,0.6486266255378723,
84,Benfred Tallhart,0.648581862449646,tallhart
621,Oznak zo Pahl,0.6479387879371643,zo
821,Tregar,0.6476921439170837,
164,Dagmer,0.6472030878067017,
368,Husband,0.6466035842895508,
742,Sawane Botley,0.6465766429901123,botley
162,Daenerys Targaryen,0.6458924412727356,targaryen
595,Notch,0.6450254917144775,
816,Tomard,0.6444981694221497,
532,Medger Cerwyn,0.6441528797149658,cerwyn
571,Mudge (miller),0.6430807113647461,(miller)
91,Bhakaz zo Loraq,0.6429910063743591,zo
604,Ollo Lophand,0.6428320705890656,lophand
133,Chella,0.6427628993988037,
601,Ogo,0.642387866973877,
463,Leobald Tallhart,0.6421555876731873,tallhart
419,Josmyn Peckledon,0.6417457759380341,peckledon
835,Tytos Blackwood,0.6416099667549133,blackwood
779,Styr,0.6409296989440918,
165,Dalbridge,0.6408998370170593,
383,Jalabhar Xho,0.6406896710395813,xho
340,Harry Strickland,0.6395547986030579,strickland
452,Lanna (Happy Port),0.6390799283981323,(happy
877,Werlag,0.6390522718429565,
785,Symon Stripeback,0.6388189494609833,stripeback
220,Edric Dayne,0.6387837827205658,dayne
205,Draqaz,0.6387103199958801,
270,Garth of Oldtown,0.6383301615715027,of
269,Garth of Greenaway,0.6383301615715027,of
168,Dalla (Dragonstone),0.6383039951324463,(dragonstone)
167,Dalla,0.6383039951324463,
361,Hother Umber,0.638168066740036,umber
437,Khorane Sathmantes,0.6379856467247009,sathmantes
152,Cragorn,0.6378077864646912,
327,Halys Hornwood,0.6372254490852356,hornwood
52,Arthor Karstark,0.6370160579681396,karstark
664,Quenten Banefort,0.6369008421897888,banefort
211,Duram Bar Emmon,0.636476457118988,bar
131,Chataya,0.6363001465797424,
646,Poxy Tym,0.6359361708164215,tym
466,Lew,0.6355603337287903,
713,Roland Crakehall (Lord),0.6355432868003845,crakehall
497,Mace Tyrell,0.6351695656776428,tyrell
600,Oberyn Martell,0.6345373392105103,martell
814,Todric,0.6337240934371948,
298,Grazdan zo Galare,0.6334681212902069,zo
587,Nage,0.6332900524139404,
444,Kurleket,0.6332681179046631,
634,Perros Blackmont,0.6332144737243652,blackmont
127,Cayn,0.6321101784706116,
858,Vylarr,0.6320955157279968,
189,Dickon Manwoody,0.6320403218269348,manwoody
114,Bryce Caron,0.6318223178386688,caron
147,Conn,0.6316003799438477,
140,Cley Cerwyn,0.6308318674564362,cerwyn
486,Luke of Longtown,0.6304799914360046,of
565,Morra,0.6303325891494751,
414,Jonos Bracken,0.630279928445816,bracken
824,Triston Sunderland,0.6302735209465027,sunderland
447,Kyra,0.6301718950271606,
673,Rakharo,0.6301021575927734,
472,Lollys Stokeworth,0.6300207376480103,stokeworth
339,Harrion Karstark,0.6299657225608826,karstark
253,Fogo,0.6297612190246582,
326,Hallyne,0.629622220993042,
491,Lymond Goodbrook,0.629308432340622,goodbrook
569,Mors Umber,0.6291663646697998,umber
288,Godric Borrell,0.6290660798549652,borrell
869,Watty,0.6286035776138306,
313,Gylbert Farwynd,0.6278519928455353,farwynd
502,Mag Mar Tun Doh Weg,0.6278218626976013,mar
13,Alayaya,0.6277616024017334,
650,Pyat Pree,0.6277613937854767,pree
652,Pyg,0.6267945766448975,
277,Gerren,0.6267319321632385,
331,Harma,0.6259670257568359,
559,Mord,0.6249741911888123,
227,Elinor Tyrell,0.6248783469200134,tyrell
202,Doran Martell,0.6245374083518982,martell
568,Mors Manwoody,0.624367743730545,manwoody
271,Gawen Westerling,0.6242986917495728,westerling
221,Edric Storm,0.6242442429065704,storm
470,Lharys,0.6240721344947815,
738,Salladhor Saan,0.6238748133182526,saan
631,Paxter Redwyne,0.6231306195259094,redwyne
112,Brusco,0.6230951547622681,
292,Gormond Goodbrother,0.6229112148284912,goodbrother
363,Hubard Rambton,0.6224070191383362,rambton
46,Arnolf Karstark,0.6219279170036316,karstark
498,Mad Huntsman,0.6217106580734253,huntsman
663,Quent,0.6214410066604614,
306,Groleo,0.621350884437561,
174,Daryn Hornwood,0.6211823225021362,hornwood
812,Tobho Mott,0.621166855096817,mott
36,Andrik,0.6208095550537109,
31,Ambrode,0.6203452348709106,
427,Jynessa Blackmont,0.6201874613761902,blackmont
21,Alla Tyrell,0.6200581789016724,tyrell
484,Lucias Vypren,0.6200195848941803,vypren
279,Gevin Harlaw,0.6195684671401978,harlaw
154,Cregan Karstark,0.6194803714752197,karstark
787,Symond Templeton,0.6194641292095184,templeton
98,Bloodbeard,0.6192706227302551,
910,Ysilla,0.6186675429344177,
304,Grigg,0.6182765960693359,
299,Grazdar zo Galare,0.6179027259349823,zo
511,Margaery Tyrell,0.6173050999641418,tyrell
303,Greydon Goodbrother,0.6172598302364349,goodbrother
461,Leo Lefford,0.6171693503856659,lefford
101,Borcas,0.6171661615371704,
455,Larraq,0.6171274185180664,
234,Emrick,0.6170269250869751,
873,Weeper,0.6167447566986084,
330,Harghaz,0.6166901588439941,
171,Dancy,0.6166654825210571,
380,Jacks,0.6166607737541199,
18,Alesander Staedmon,0.6160318851470947,staedmon
534,Megga Tyrell,0.6159407496452332,tyrell
501,Maerie (Whore),0.6152275204658508,(whore)
500,Maerie (Goodwife),0.6152275204658508,(goodwife)
885,William Mooton,0.6151464283466339,mooton
399,Jhezane,0.6144821643829346,
468,Lewys Lydden,0.6142565608024597,lydden
266,Garrett Paege,0.6137017607688904,paege
141,Clubfoot Karl,0.613681972026825,karl
712,Roger Ryswell,0.6133194267749786,ryswell
170,Damon Vypren,0.6131431460380554,vypren
1,Aegon Frey (Jinglebell),0.6131198406219482,frey
138,Clement Piper,0.6130639612674713,piper
544,Merlon Crakehall,0.6124872863292694,crakehall
135,Chiggen,0.6122869849205017,
267,Garse Goodbrook,0.6121773421764374,goodbrook
268,Garth Greyfeather,0.6121639907360077,greyfeather
328,Hamish the Harper,0.6121178865432739,the
386,Jaqen H'ghar,0.6115545630455017,h'ghar
697,Rickard Ryswell,0.6114913821220398,ryswell
674,Ralf Kenning,0.6113622188568115,kenning
778,Stygg,0.6111701726913452,
462,Leo Tyrell,0.6109302639961243,tyrell
158,Cutjack,0.6107432246208191,
554,Mollander,0.6105595827102661,
310,Guncer Sunglass,0.6105529963970184,sunglass
362,Howd Wanderer,0.6103044152259827,wanderer
389,Jarl,0.6096994280815125,
669,Qyle,0.6096019744873047,
239,Eon Hunter,0.6093879640102386,hunter
647,Praed,0.6093860864639282,
426,Jyck,0.6087979078292847,
318,Gysella Goodbrother,0.6086145043373108,goodbrother
469,Lewys Piper,0.6086128354072571,piper
204,Dornish Dilly,0.608517050743103,dilly
424,Joyeuse Erenford,0.6082829833030701,erenford
428,Karyl Vance,0.6078148782253265,vance
316,Gyles Rosby,0.6076577305793762,rosby
529,Matthar,0.6076235771179199,
906,Yohn Farwynd,0.6072339713573456,farwynd
836,Tytos Brax,0.6069029867649078,brax
19,Alester Florent,0.6068822145462036,florent
803,Thoros,0.6064937114715576,
525,Mathis Rowan,0.6058450639247894,rowan
726,Roose Ryswell,0.6057880520820618,ryswell
42,Ardrian Celtigar,0.6054070591926575,celtigar
890,Woth,0.6054004430770874,
477,Lorent Caswell,0.6051966547966003,caswell
315,Gyles Grafton,0.6048645675182343,grafton
246,Ezzara,0.6047707796096802,
398,Jhaqo,0.6046550273895264,
192,Donal Noye,0.6041596531867981,noye
104,Borroq,0.604077935218811,
725,Roose Bolton,0.6040762662887573,bolton
839,Ulf son of Umar,0.6035962104797363,son
11,Aggo,0.6031695604324341,
659,Qotho,0.6029583811759949,
446,Kyle (Banners),0.6027219891548157,(banners)
747,Sawwood,0.6025925874710083,
696,Rickard Karstark,0.6025093197822571,karstark
218,Eddison Tollett,0.602495551109314,tollett
418,Joseth,0.6022453308105469,
553,Mohor,0.6017369031906128,
548,Mezzara,0.6015061736106873,
264,Gariss,0.6011122465133667,
453,Lark,0.6009155511856079,
97,Blane,0.6006333827972412,
120,Butterbumps,0.5999857187271118,
390,Jarman Buckwell,0.5999312698841095,buckwell
795,Terrance Lynderly,0.5999157130718231,lynderly
169,Damon Dance-for-Me,0.5998702645301819,dance-for-me
490,Lyman Darry,0.59968501329422,darry
364,Hugh,0.5995681285858154,
723,Ronnel Harclay,0.599471241235733,harclay
148,Conwy,0.5994105935096741,
808,Timeon,0.599186897277832,
801,Thistle,0.5991217494010925,
676,Ralf the Limper,0.5990868806838989,the
240,Erik Ironmaker,0.5989205837249756,ironmaker
441,Koss,0.5988341569900513,
325,Hallis Mollen,0.5982609689235687,mollen
887,Willit,0.5979608297348022,
716,Rollam Westerling,0.5978756248950958,westerling
848,Utherydes Wayn,0.5976455807685852,wayn
70,Bayard Norcross,0.5976008176803589,norcross
67,Barsena,0.5974398851394653,
25,Alyn Ambrose,0.5973857343196869,ambrose
307,Grubbs,0.5973544120788574,
665,Quentyn Martell,0.59727543592453,martell
871,Wayn (guard),0.5971747636795044,(guard)
75,Belaquo,0.5969189405441284,
16,Alebelly,0.5968048572540283,
63,Bannen,0.596605658531189,
876,Wendello Qar Deeth,0.5966024398803711,qar
263,Garin (Orphan),0.5964706540107727,(orphan)
537,Meldred Merlyn,0.5964134335517883,merlyn
15,Albett,0.5962961912155151,
564,Moro,0.596226692199707,
115,Bryen,0.5959613919258118,
711,Roger Hogg,0.5957513153553009,hogg
526,Mathos Mallarawan,0.5954523086547852,mallarawan
295,Grazdan,0.5952075123786926,
177,Del,0.5950148105621338,
186,Dhazzar,0.594559907913208,
609,Orphan Oss,0.594487875699997,oss
703,Robert Arryn,0.5944433510303497,arryn
293,Gorold Goodbrother,0.5944021642208099,goodbrother
9,Aethan,0.5943235158920288,
436,Kezmya,0.594301700592041,
433,Kenned,0.5936175584793091,
771,Stalwart Shield,0.5935361683368683,shield
734,Rupert Brax,0.5932858884334564,brax
549,Mikken,0.5932822227478027,
54,Arwyn Oakheart,0.5931500792503357,oakheart
661,Quaro,0.593046247959137,
178,Delp,0.5930136442184448,
733,Ryk,0.5927920937538147,
657,Qezza,0.5926614999771118,
116,Bryen Farring,0.5926452577114105,farring
900,Xaro Xhoan Daxos,0.592463880777359,xhoan
314,Gyles Farwynd,0.5924607515335083,farwynd
74,Bedwyck,0.5924309492111206,
422,Josua Willum,0.5923756062984467,willum
233,Emmond,0.5923373103141785,
481,Lucan,0.592316746711731,
749,Selyse Florent,0.5923078656196594,florent
596,Nute,0.5915005207061768,
90,Beth Cassel,0.5914468467235565,cassel
12,Alan of Rosby,0.5913931131362915,of
51,Arson,0.59111088514328,
576,Mossador,0.5910047292709351,
357,Horton Redfort,0.5909440815448761,redfort
542,Meredyth Crane,0.5908378064632416,crane
773,Steffon Swyft,0.590604841709137,swyft
866,Wat (orphan),0.5899592638015747,(orphan)
867,Wat (sailor),0.5899592638015747,(sailor)
794,Ternesio Terys,0.5898690819740295,terys
309,Gueren,0.5895563364028931,
445,Kurz,0.5895442962646484,
44,Arianne Martell,0.5895035862922668,martell
37,Anguy,0.5892462134361267,
898,Wynafryd Manderly,0.5890340209007263,manderly
522,Marwyn Belmore,0.5887832045555115,belmore
210,Dunstan Drumm,0.5887743532657623,drumm
766,Spare Boot,0.5884655117988586,boot
680,Rast,0.5884126424789429,
26,Alyn Estermont,0.588397204875946,estermont
892,Wun Weg Wun Dar Wun,0.5883725881576538,weg
704,Robett Glover,0.5880403816699982,glover
893,Wyl (guard),0.587952733039856,(guard)
894,Wyl the Whittler,0.587952733039856,the
540,Mellei,0.5878238677978516,
317,Gynir,0.5876830220222473,
284,Gilwood Hunter,0.5876438617706299,hunter
503,Mago,0.587607741355896,
460,Lenwood Tawney,0.5875166356563568,tawney
122,Byan Votyris,0.5872481763362885,votyris
291,Goghor,0.5869372487068176,
675,Ralf Stonehouse,0.586894154548645,stonehouse
586,Myrtle,0.5864360332489014,
17,Alerie Hightower,0.5863138735294342,hightower
826,Tumberjon,0.5863015651702881,
530,Mawney,0.5862951278686523,
750,Senelle,0.5861896276473999,
902,Yandry,0.5861155986785889,
341,Harwin,0.5858660936355591,
338,Hazzea,0.5854287147521973,
259,Gage,0.5853886604309082,
655,Qarl Shepherd,0.5852651298046112,shepherd
759,Shyra Errol,0.5851572751998901,errol
282,Gillam,0.5849815607070923,
454,Larra Blackmont,0.5849412083625793,blackmont
184,Devan Seaworth,0.5847117304801941,seaworth
507,Mance Rayder,0.5844558477401733,rayder
580,Mycah,0.5842750072479248,
550,Miklaz,0.5840038061141968,
312,Gwin Goodbrother,0.5836394429206848,goodbrother
729,Rowan,0.5835016369819641,
38,Antario Jast,0.5833620131015778,jast
520,Martyn Rivers,0.583283469080925,rivers
904,Ygon Farwynd,0.5831336081027985,farwynd
556,Monster,0.5830801725387573,
287,Goady,0.5821548700332642,
76,Bella,0.5819883942604065,
620,Owen Norrey,0.5819208025932312,norrey
467,Lewis Lanster,0.5818784534931183,lanster
831,Tymor,0.5817273855209351,
558,Moqorro,0.5817095041275024,
748,Sedgekins,0.5813417434692383,
294,Gran Goodbrother,0.5811857581138611,goodbrother
672,Ragwyle,0.580938458442688,
639,Pia,0.5806046724319458,
225,Eldred Codd,0.5804510116577148,codd
912,Zollo,0.5797975659370422,
88,Beric Dondarrion,0.5795531570911407,dondarrion
391,Jason Mallister,0.5793639421463013,mallister
107,Brandon Norrey,0.5791175365447998,norrey
718,Rolley,0.5790719985961914,
648,Prendahl na Ghezn,0.5789759755134583,na
582,Myles Manwoody,0.5788851976394653,manwoody
322,Halder,0.5786922574043274,
10,Aggar,0.5783782601356506,
561,Moreo Tumitis,0.5780531167984009,tumitis
216,Eddard Karstark,0.5777570009231567,karstark
555,Monford Velaryon,0.5776712596416473,velaryon
429,Kedge Whiteye,0.5776615142822266,whiteye
73,Becca the Baker,0.577175498008728,the
72,Becca,0.577175498008728,
248,Falyse Stokeworth,0.5771662592887878,stokeworth
62,Balon Swann,0.5770400166511536,swann
516,Mark Mullendore,0.576537013053894,mullendore
319,Haggo,0.5759322643280029,
806,Tickler,0.57591712474823,
510,Marei,0.5754718780517578,
617,Othell Yarwyck,0.5753311216831207,yarwyck
249,Farlen,0.574996829032898,
528,Matthos Seaworth,0.5747946500778198,seaworth
781,Sybell Spicer,0.5747204124927521,spicer
416,Jory Cassel,0.574691504240036,cassel
49,Arron Qorgyle,0.5746529400348663,qorgyle
656,Qarl the Maid,0.5745671987533569,the
603,Olenna Redwyne,0.5743277072906494,redwyne
642,Pono,0.5742633938789368,
94,Biter,0.5740183591842651,
144,Coldhands,0.5738634467124939,
536,Mela,0.5735697746276855,
847,Urswyck,0.5730006694793701,
775,Stiv,0.5728638768196106,
727,Rorge,0.5728145837783813,
430,Kella,0.5726869702339172,
401,Jhogo,0.5723351836204529,
851,Varamyr,0.5718055367469788,
883,Willam Wells,0.571805328130722,wells
226,Eleyna Westerling,0.5717452764511108,westerling
24,Alyn,0.5708587169647217,
324,Hali,0.5706343650817871,
641,Polliver,0.5704641938209534,
69,Bass,0.5703330039978027,
643,Porridge,0.5702840089797974,
807,Tim Tangletongue,0.5702210962772369,tangletongue
492,Lymond Lychester,0.5700708031654358,lychester
891,Wulfe,0.5698843002319336,
574,Murch,0.5698755979537964,
575,Murch (Winterfell),0.5698755979537964,(winterfell)
841,Ulmer,0.5698469877243042,
567,Morros Slynt,0.5696357488632202,slynt
607,Oppo,0.5695602893829346,
397,Jeyne Westerling,0.5695380568504333,westerling
907,Yohn Royce,0.5694482028484344,royce
630,Patrek Mallister,0.5694067776203156,mallister
509,Maric Seaworth,0.5690738558769226,seaworth
374,Iron Emmett,0.5690378248691559,emmett
545,Mero,0.5684555768966675,
619,Owen,0.568452000617981,
524,Maslyn,0.5682756304740906,
384,Janna Tyrell,0.5682009756565094,tyrell
77,Bellegere Otherys (courtesan),0.5679526329040527,otherys
321,Hake,0.5673770308494568,
132,Chayle,0.5672897100448608,
722,Ronald Storm,0.5671340525150299,storm
420,Joss,0.5666846036911011,
717,Rolfe the Dwarf,0.5664488077163696,the
715,Rolfe,0.5664488077163696,
285,Gladden Wylde,0.566331297159195,wylde
261,Galbart Glover,0.5660907328128815,glover
850,Val,0.5660234689712524,
119,Burton Crakehall,0.565957635641098,crakehall
206,Drennan,0.5657801628112793,
692,Rhaegar Frey,0.565558910369873,frey
523,Masha Heddle,0.5654505789279938,heddle
827,Tumco Lho,0.5654421448707581,lho
622,Palla,0.5652121901512146,
209,Dunsen,0.5650418400764465,
783,Sylva Santagar,0.5644453167915344,santagar
591,Nestor Royce,0.5641119480133057,royce
60,Azzak,0.5639842748641968,
28,Alys Karstark,0.5637964606285095,karstark
535,Meha,0.5636658072471619,
48,Arron,0.5635729432106018,
721,Romny Weaver,0.5633995831012726,weaver
828,Tybero Istarion,0.5633206963539124,istarion
236,Elwood,0.5625637769699097,
505,Malliard,0.56239914894104,
681,Ravella Swann,0.5622875392436981,swann
456,Leathers,0.5621587038040161,
3,Adrack Humble,0.5618786662817001,humble
832,Tyrek Lannister,0.561704084277153,lannister
897,Wyman Manderly,0.5616298913955688,manderly
143,Cohollo,0.5613738298416138,
153,Craster,0.561166524887085,
660,Quaithe,0.560996949672699,
825,Tuffleberry,0.5607254505157471,
403,Jodge,0.5605472326278687,
458,Lem,0.5604574084281921,
608,Orell,0.5604449510574341,
668,Quort,0.5604097843170166,
438,Khrazz,0.5599382519721985,
644,Porther,0.5595586895942688,
370,Iggo,0.5592970848083496,
849,Utt,0.559207558631897,
916,Talbert Serry,0.5591969937086105,serry
636,Petyr Baelish,0.5590167045593262,baelish
515,Mariya Darry,0.5584896206855774,darry
255,Fornio,0.5584458112716675,
543,Meribald,0.5580286979675293,
624,Patchface,0.5568044185638428,
336,Harras Harlaw,0.5566375404596329,harlaw
136,Chiswyck,0.5565163493156433,
260,Galazza Galare,0.5564490854740143,galare
100,Bonifer Hasty,0.5562509894371033,hasty
173,Dareon,0.5562242269515991,
896,Wylla Manderly,0.5559278726577759,manderly
901,Xhondo,0.5558801889419556,
707,Robin Ryger,0.5557195246219635,ryger
276,Gerold Dayne,0.5555638521909714,dayne
751,Serra Frey,0.5549539923667908,frey
35,Andrey Dalt,0.5549367666244507,dalt
27,Alyn Stackspear,0.5546916723251343,stackspear
755,Shagwell,0.5546327233314514,
245,Esgred,0.5543316602706909,
802,Thoren Smallwood,0.5538679957389832,smallwood
280,Ghael,0.553783655166626,
190,Dirk,0.5535986423492432,
393,Jate Blackberry,0.5535646378993988,blackberry
450,Lamprey,0.5531589984893799,
308,Grunt,0.5529245734214783,
552,Missandei,0.552844762802124,
224,Elder Brother,0.5524164140224457,brother
777,Stonesnake,0.5523050427436829,
191,Dobber,0.5521683692932129,
402,Jocelyn Swyft,0.5520174503326416,swyft
367,Humfrey Swyft,0.5514552593231201,swyft
489,Lyle Crakehall,0.5514078438282013,crakehall
792,Tanda Stokeworth,0.5513927638530731,stokeworth
166,Dale Seaworth,0.5512386560440063,seaworth
356,Horas Redwyne,0.5510385036468506,redwyne
817,Tormund,0.5508378148078918,
762,Skinner,0.5505892038345337,
272,Gelmarr,0.5498442649841309,
732,Ryger Rivers,0.549824133515358,rivers
760,Sigfry Stonetree,0.5496737062931061,stonetree
683,Raymun Darry,0.549489215016365,darry
789,Taena of Myr,0.5492469072341919,of
494,Lyonel,0.5490677356719971,
615,Ossy,0.5486693382263184,
632,Pello,0.548434853553772,
475,Lorcas,0.5480161905288696,
487,Luton,0.5474339723587036,
230,Elyas Willum,0.547157347202301,willum
512,Marillion,0.5470376014709473,
231,Emmon Cuy,0.5468297898769379,cuy
605,Olyvar Frey,0.5467956364154816,frey
142,Clydas,0.5467150211334229,
583,Myranda Royce,0.5466282367706299,royce
320,Hairy Hal,0.5465151965618134,hal
22,Allard Seaworth,0.5463219285011292,seaworth
350,Hobber Redwyne,0.5463199615478516,redwyne
855,Vayon Poole,0.5462854504585266,poole
185,Deziel Dalt,0.5462604463100433,dalt
629,Patrek of King's Mountain,0.5461365580558777,of
868,Watt,0.5460132360458374,
769,Squint,0.5458593368530273,
229,Elmar Frey,0.5455329418182373,frey
889,Willum,0.5453732013702393,
772,Steelskin,0.5453346967697144,
720,Rolph Spicer,0.5452310144901276,spicer
811,Tion Frey,0.5451610088348389,frey
610,Orton Merryweather,0.5450930893421173,merryweather
521,Marwyn,0.5450685024261475,
195,Donnel Haigh,0.5448941141366959,haigh
846,Urreg,0.544761061668396,
349,Hobb,0.5439693927764893,
834,Tyta Frey,0.5436912775039673,frey
874,Weese,0.5431711077690125,
159,Daario Naharis,0.543125718832016,naharis
667,Qyburn,0.5425374507904053,
242,Eroeh,0.5423336029052734,
473,Lommy,0.5416370630264282,
102,Boremund Harlaw,0.5415917932987213,harlaw
739,Sallor,0.5412898659706116,
128,Cellador,0.5412473082542419,
351,Hod,0.5408744812011719,
786,Symond Frey,0.5401142239570618,frey
334,Harra,0.5397919416427612,
425,Justin Massey,0.5394383370876312,massey
694,Ricasso,0.5391953587532043,
684,Raymund Frey,0.538719892501831,frey
354,Holly,0.5386273860931396,
199,Donnis,0.5384467840194702,
638,Philip Foote,0.5384173095226288,foote
197,Donnel Locke,0.5381205230951309,locke
6,Aemon Targaryen (son of Maekar I),0.5375206470489502,targaryen
837,Tytos Frey,0.5374833345413208,frey
588,Myles,0.5374630689620972,
581,Myles,0.5374630689620972,
215,Ebben,0.5374530553817749,
329,Hareth (Mole's Town),0.5371749401092529,(mole's
89,Bessa (Winterfell),0.5368489027023315,(winterfell)
265,Garlan Tyrell,0.536802738904953,tyrell
347,Heward,0.5367257595062256,
359,Hoster Tully,0.5365044474601746,tully
222,Edwyn Frey,0.5363074541091919,frey
30,Alyx Frey,0.5361819863319397,frey
572,Mully,0.5360448956489563,
241,Ermesande Hayford,0.5360198318958282,hayford
519,Marq Piper,0.5358567535877228,piper
194,Donnel Drumm,0.53544120490551,drumm
8,Aeron Greyjoy,0.5351195633411407,greyjoy
888,Willow Witch-eye,0.5345150232315063,witch-eye
449,Lambert Turnberry,0.5344642102718353,turnberry
770,Squirrel,0.5339096784591675,
658,Qhorin Halfhand,0.5335817933082581,halfhand
666,Quhuru Mo,0.5332269966602325,mo
813,Todder,0.5328924059867859,
679,Randyll Tarly,0.5327507853507996,tarly
479,Lothar Frey,0.5327187776565552,frey
345,Helman Tallhart,0.5327017903327942,tallhart
392,Jate,0.5322494506835938,
546,Merrett Frey,0.5320301055908203,frey
737,Ryon Allyrion,0.5319894850254059,allyrion
214,Easy,0.5317514538764954,
879,Whalen Frey,0.5316212773323059,frey
782,Sybelle Glover,0.5314323008060455,glover
228,Ellaria Sand,0.5308471322059631,sand
496,Lysono Maar,0.5302824974060059,maar
180,Denys Mallister,0.5302785784006119,mallister
43,Areo Hotah,0.5299967527389526,hotah
219,Edmure Tully,0.5298433005809784,tully
297,Grazdan mo Ullhor,0.5297262370586395,mo
296,Grazdan mo Eraz,0.5297262370586395,mo
262,Gared,0.5297125577926636,
654,Pypar,0.5296655893325806,
597,Nymella Toland,0.5294314026832581,toland
78,Bellonara Otherys,0.5292714238166809,otherys
788,Syrio Forel,0.5291209518909454,forel
56,Arys Oakheart,0.5287868976593018,oakheart
183,Desmond Grell,0.5281248092651367,grell
33,Andar Royce,0.5278894305229187,royce
376,Ithoke,0.5276792049407959,
764,Softfoot,0.5276451110839844,
724,Ronnet Connington,0.5274741053581238,connington
895,Wylis Manderly,0.5274319350719452,manderly
915,Torwynd the Tame,0.527403712272644,the
474,Loras Tyrell,0.5273723304271698,tyrell
756,Sharna,0.5273381471633911,
342,Harwood Stout,0.526612401008606,stout
385,Janos Slynt,0.526310920715332,slynt
856,Victarion Greyjoy,0.5260560214519501,greyjoy
343,Harys Haigh,0.5257028937339783,haigh
40,Anya Waynwood,0.5254856646060944,waynwood
758,Shirei Frey,0.5253041982650757,frey
745,Sarra Frey,0.5246382355690002,frey
251,Flement Brax,0.5244719982147217,brax
396,Jeyne Poole,0.5242879092693329,poole
590,Narbert,0.5239083170890808,
413,Jonelle Cerwyn,0.5237313508987427,cerwyn
443,Kromm,0.523692786693573,
884,Willem Lannister,0.523576632142067,lannister
203,Doreah,0.523409366607666,
323,Haldon,0.5233701467514038,
728,Roslin Frey,0.5232904553413391,frey
744,Sarella Sand,0.5224757790565491,sand
39,Anvil Ryn,0.5224697887897491,ryn
179,Denys Drumm,0.5216560810804367,drumm
514,Marissa Frey,0.5211622714996338,frey
705,Robin Flint,0.5195221304893494,flint
838,Tywin Lannister,0.5192975848913193,lannister
371,Illyrio Mopatis,0.5192672610282898,mopatis
797,Theo Frey,0.5188292264938354,frey
193,Donella Hornwood,0.5187029391527176,hornwood
566,Morrec,0.5181344747543335,
700,Robar Royce,0.518131673336029,royce
85,Benfrey Frey,0.5175625085830688,frey
58,Aurane Waters,0.5164141356945038,waters
761,Skahaz mo Kandaq,0.515243649482727,mo
780,Sybassion,0.5150561332702637,
65,Barra,0.5149324536323547,
493,Lyn Corbray,0.5147812813520432,corbray
150,Cortnay Penrose,0.5146856009960175,penrose
710,Rodrik Ryswell,0.5146826058626175,ryswell
423,Jothos Slynt,0.5144191682338715,slynt
459,Lennocks,0.5143032073974609,
213,Dywen,0.5140772461891174,
198,Donnel Waynwood,0.5132219940423965,waynwood
311,Guyard Morrigen,0.5129777789115906,morrigen
244,Erryk (Guard),0.5127345323562622,(guard)
753,Shae,0.5126084685325623,
400,Jhiqui,0.5124388337135315,
810,Timon,0.512313723564148,
709,Rodrik Harlaw,0.5121007114648819,harlaw
59,Axell Florent,0.5112501978874207,florent
599,Obara Sand,0.5111013650894165,sand
685,Raynald Westerling,0.5108866393566132,westerling
804,Three Toes,0.5108851790428162,toes
670,Rafford,0.510624885559082,
457,Left Hand Lew,0.5104797780513763,hand
690,Reysen,0.5099114179611206,
53,Arwyn Frey,0.5093921422958374,frey
706,Robin Moreland,0.5084011256694794,moreland
34,Andrew Estermont,0.5064390897750854,estermont
504,Mallador Locke,0.5062983930110931,locke
480,Lothor Brune,0.5061656534671783,brune
110,Bronn,0.5061342716217041,
421,Joss Stilwood,0.5060715973377228,stilwood
908,Yoren,0.5054143071174622,
442,Kraznys mo Nakloz,0.5050435662269592,mo
875,Wendel Manderly,0.5050133615732193,manderly
440,Kojja Mo,0.5049619078636169,mo
763,Small Paul,0.5044730603694916,paul
41,Archibald Yronwood,0.5040345191955566,yronwood
365,Hugo Vance,0.503904789686203,vance
578,Muttering Bill,0.5037764310836792,bill
485,Luco Prestayn,0.5035402774810791,prestayn
377,Jacelyn Bywater,0.5027507841587067,bywater
464,Leona Woolfield,0.5019073188304901,woolfield
274,Genna Lannister,0.5015568286180496,lannister
87,Bennet,0.5009708404541016,
861,Walda Rivers (daughter of Aemon),0.5003879517316818,rivers
633,Penny,0.500156819820404,
495,Lysa Tully,0.49997560679912567,tully
860,Waif,0.4997063875198364,
598,Nymeria Sand,0.4995269179344177,sand
570,Morton Waynwood,0.49873146414756775,waynwood
434,Kerwin,0.49774324893951416,
640,Podrick Payne,0.49649667739868164,payne
212,Dykk Harlaw,0.49626532196998596,harlaw
232,Emmon Frey,0.4961731433868408,frey
465,Leonette Fossoway,0.4961324483156204,fossoway
645,Poul Pemford,0.4961273670196533,pemford
765,Sour Alyn,0.49521008133888245,alyn
378,Jack Bulwer,0.4949343055486679,bulwer
196,Donnel Hill,0.4946522116661072,hill
637,Petyr Frey,0.4944319725036621,frey
344,Harys Swyft,0.4942643642425537,swyft
57,Asha Greyjoy,0.494251012802124,greyjoy
4,Aemon Costayne,0.4923320412635803,costayne
708,Rodrik Cassel,0.4919920414686203,cassel
257,Frenya,0.49194827675819397,
768,Spotted Pate of Maidenpool,0.49084559082984924,pate
852,Vardis Egen,0.4902960956096649,egen
611,Osfryd Kettleblack,0.49024203419685364,kettleblack
61,Ballabar,0.4900813698768616,
200,Dontos Hollard,0.49006280303001404,hollard
278,Gerris Drinkwater,0.48961545526981354,drinkwater
305,Grisel,0.4892123341560364,
290,Godwyn,0.4890492558479309,
372,Ilyn Payne,0.4889671355485916,payne
346,Henly (Maester),0.4884715676307678,(maester)
830,Tyene Sand,0.48758143186569214,sand
207,Drogo,0.48730939626693726,
373,Imry Florent,0.4868116080760956,florent
735,Ryman Frey,0.4858003258705139,frey
187,Dick Crabb,0.48548969626426697,crabb
7,Aenys Frey,0.4853367805480957,frey
625,Pate (novice),0.4850936532020569,(novice)
626,Pate (Lancewood),0.4850936532020569,(lancewood)
627,Pate (Night's Watch),0.4850936532020569,(night's
628,Pate (Old),0.4850936532020569,(old)
79,Belwas,0.4840531349182129,
845,Unella,0.4839726686477661,
616,Oswell Kettleblack,0.48305457830429077,kettleblack
5,Aemon Estermont,0.48301082849502563,estermont
774,Stevron Frey,0.4823947250843048,frey
695,Richard Horpe,0.48219215869903564,horpe
188,Dick Follard,0.48213866353034973,follard
118,Brynden Tully,0.4816323220729828,tully
275,Gerald Gower,0.4804459810256958,gower
258,Frynne,0.4799894690513611,
113,Bryan Fossoway,0.47894735634326935,fossoway
289,Godry Farring,0.47817082703113556,farring
286,Glendon Hewett,0.4781573712825775,hewett
387,Jared Frey,0.47682738304138184,frey
137,Clayton Suggs,0.47586503624916077,suggs
842,Ulwyck Uller,0.47568006813526154,uller
156,Cressen,0.4753079414367676,
614,Osney Kettleblack,0.4752391278743744,kettleblack
134,Chett,0.47519105672836304,
793,Tanton Fossoway,0.4744728356599808,fossoway
149,Corliss Penny,0.4733903557062149,penny
790,Tal Toraq,0.473259836435318,toraq
731,Rusty Flowers,0.47287049889564514,flowers
337,Harwood Fell,0.47266918420791626,fell
130,Cersei Lannister,0.47190965712070465,lannister
451,Lancel Lannister,0.4716498702764511,lannister
175,Daven Lannister,0.4715685695409775,lannister
348,High Sparrow,0.4712890088558197,sparrow
375,Irri,0.4706179201602936,
864,Wallen,0.47032666206359863,
369,Hyle Hunt,0.4697326719760895,hunt
623,Parmen Crane,0.4696027934551239,crane
64,Barbrey Dustin,0.4695652723312378,dustin
139,Cleos Frey,0.46859951317310333,frey
129,Cersei Frey,0.46845757961273193,frey
161,Daemon Sand,0.467975378036499,sand
635,Perwyn Frey,0.46794016659259796,frey
117,Brynden Rivers,0.4676985889673233,rivers
612,Osha,0.4676223397254944,
606,Ondrew Locke,0.46751195192337036,locke
784,Symon Silver Tongue,0.46715790033340454,silver
547,Meryn Trant,0.4657745808362961,trant
854,Varys,0.46576952934265137,
217,Eddard Stark,0.4653696119785309,stark
283,Gilly,0.46531444787979126,
863,Walder Rivers,0.46461381018161774,rivers
740,Samwell Tarly,0.4644969552755356,tarly
0,Addam Marbrand,0.4640447199344635,marbrand
613,Osmund Kettleblack,0.46350759267807007,kettleblack
513,Maris,0.46246039867401123,
254,Forley Prester,0.46056339144706726,prester
47,Aron Santagar,0.46051792800426483,santagar
201,Donyse,0.459634929895401,
719,Rolly Duckfield,0.45920833945274353,duckfield
247,Falia Flowers,0.45887941122055054,flowers
388,Jaremy Rykker,0.45884980261325836,rykker
435,Kevan Lannister,0.4586418867111206,lannister
691,Reznak mo Reznak,0.45856964588165283,mo
531,Mebble,0.45798227190971375,
508,Mandon Moore,0.4573639929294586,moore
800,Theon Greyjoy,0.4559606611728668,greyjoy
182,Desmond,0.4548056125640869,
872,Weasel,0.4536357820034027,
870,Waymar Royce,0.453369677066803,royce
335,Harrag Sharp,0.4533613324165344,sharp
358,Hosteen Frey,0.4530910849571228,frey
714,Rolder,0.45284801721572876,
32,Amory Lorch,0.4518907368183136,lorch
649,Preston Greenfield,0.45027612149715424,greenfield
172,Danwell Frey,0.4499058723449707,frey
767,Spotted Cat,0.4498266875743866,cat
155,Creighton Longbough,0.44805675745010376,longbough
382,Jaime Lannister,0.44606393575668335,lannister
592,Nolla,0.44502636790275574,
682,Raymar Royce,0.4448871910572052,royce
862,Walder Frey,0.4447624981403351,frey
14,Albar Royce,0.444694921374321,royce
736,Rymolf Stormdrunk,0.4444914311170578,stormdrunk
23,Alliser Thorne,0.4441635012626648,thorne
776,Stone Thumbs,0.4435475021600723,thumbs
618,Ottyn Wythers,0.44354648888111115,wythers
653,Pylos,0.4429594576358795,
701,Robb Stark,0.4426417648792267,stark
86,Benjen Stark,0.44215163588523865,stark
478,Lorren,0.4414222240447998,
126,Catelyn Tully,0.44044069945812225,tully
410,Jon Umber (Greatjon),0.43576401472091675,umber
412,Jon Umber (Smalljon),0.43576401472091675,umber
517,Marlon Manderly,0.4343117028474808,manderly
593,Norjen,0.43229055404663086,
560,Mordane,0.43203818798065186,
699,Rigney,0.43045079708099365,
160,Dacey Mormont,0.42963363230228424,mormont
103,Boros Blount,0.4293471872806549,blount
301,Grenn,0.4265402853488922,
579,Mya Stone,0.42628903687000275,stone
752,Shadrich,0.42609649896621704,
818,Torrek,0.42455118894577026,
404,Jojen Reed,0.4239759147167206,reed
506,Mallor,0.42350059747695923,
105,Bowen Marsh,0.42267951369285583,marsh
237,Endrew Tarth,0.4216884672641754,tarth
909,Young Henly,0.4215535819530487,henly
539,Melisandre,0.4203951060771942,
577,Murenmure,0.41945499181747437,
176,Davos Seaworth,0.4192347675561905,seaworth
799,Theomore Lannister,0.418878510594368,lannister
886,Willis Wode,0.41853976249694824,wode
417,Joseran,0.41845399141311646,
688,Reek,0.417760968208313,
798,Theodan Wells,0.41771937906742096,wells
551,Mirri Maz Duur,0.4176930636167526,maz
594,Nurse,0.4139782786369324,
651,Pycelle,0.4131969213485718,
815,Tom of Sevenstreams,0.4120950698852539,of
533,Meera Reed,0.4114605635404587,reed
121,Byam Flint,0.41050441563129425,flint
381,Jaggot,0.40950527787208557,
833,Tyrion Lannister,0.40919896960258484,lannister
29,Alysane Mormont,0.40887589752674103,mormont
431,Kennos of Kayce,0.40658819675445557,of
686,Red Alyn,0.4059889614582062,alyn
557,Moon Boy,0.40515226125717163,boy
125,Caleotte,0.4046090245246887,
687,Red Rolfe,0.40378400683403015,rolfe
256,Frenken,0.4016638398170471,
527,Matrice,0.39824140071868896,
844,Umfred,0.3979151248931885,
223,Eggon,0.3971449136734009,
859,Vyman,0.39460161328315735,
181,Dermot,0.3937959671020508,
273,Gendry,0.39182913303375244,
905,Ygritte,0.3884427547454834,
250,Fat Walda Frey,0.3872094303369522,walda
407,Jon Connington,0.38680553436279297,connington
746,Satin,0.38393425941467285,
145,Colemon,0.3807850778102875,
394,Jeor Mormont,0.3803258389234543,mormont
499,Maege Mormont,0.37903016805648804,mormont
439,Kindly man,0.3760611414909363,man
300,Gregor Clegane,0.3741320073604584,clegane
791,Tallad,0.37406304478645325,
45,Arneld,0.3704826235771179,
741,Sandor Clegane,0.3703122138977051,clegane
698,Rickon Stark,0.367809534072876,stark
899,Wynton Stout,0.3635397255420685,stout
66,Barristan Selmy,0.3627318739891052,selmy
108,Brenett,0.36247625946998596,
432,Ketter,0.3616463840007782,
743,Sansa Stark,0.3543073683977127,stark
92,Big Boil,0.3472645580768585,boil
471,Little Walder Frey,0.34599561989307404,walder
281,Ghost of High Heart,0.34114891290664673,of
677,Ramsay Snow,0.3396551311016083,snow
903,Yellow Dick,0.33887147158384323,dick
408,Jon Fossoway,0.3384653776884079,fossoway
50,Arryk (Guard),0.33676040172576904,(guard)
96,Black Walder Frey,0.33627818524837494,walder
252,Fletcher Will,0.33604228496551514,will
333,Harmune,0.33555811643600464,
476,Lord of Bones,0.3321734070777893,of
95,Black Bernarr,0.33048535883426666,bernarr
332,Harmund Sharp,0.33048489689826965,sharp
488,Luwin,0.3293139934539795,
157,Cuger,0.3257555365562439,
563,Morna White Mask,0.32321690768003464,white
55,Arya Stark,0.31736141443252563,stark
573,Munciter,0.31618285179138184,
415,Jorah Mormont,0.31347186863422394,mormont
109,Brienne of Tarth,0.31347107887268066,of
602,Old Henly,0.31178267300128937,henly
235,Endehar,0.31003302335739136,
406,Jon Bettley,0.3086804449558258,bettley
106,Bran Stark,0.3081108182668686,stark
538,Meliana,0.3074362874031067,
353,Holger,0.3056037425994873,
589,Nan,0.300274133682251,
93,Big Walder Frey,0.29404687881469727,walder
81,Ben Bones,0.28678176552057266,bones
82,Ben Plumm,0.28527645021677017,plumm
243,Erreck,0.284548282623291,
99,Blue Bard,0.28266672790050507,bard
111,Brown Bernarr,0.2802140787243843,bernarr
123,Byron,0.2778981924057007,
820,Tothmure,0.2741815745830536,
71,Bearded Ben,0.27149612456560135,ben
146,Colen of Greenpools,0.2687174081802368,of
20,Alia of Braavos,0.267257422208786,of
562,Morgarth,0.26376089453697205,
541,Melly,0.25175872445106506,
796,The Red Lamb,0.24111920595169067,red
124,Cadwyn,0.23798543214797974,
730,Rudge,0.23570740222930908,
880,Wilbert,0.22659918665885925,
448,Lady of the Leaves,0.21752037107944489,of
302,Grey Worm,0.19185148179531097,worm
352,Hodor,0.18986842036247253,
409,Jon Snow,0.18678966164588928,snow
360,Hot Pie,0.17624083906412125,pie
80,Ben,0.15591634809970856,
208,Dudley,0.07957075536251068,
355,Hop-Robin,,
379,Jack-Be-Lucky,,
405,Jommy,,
805,Three-Tooth,,
881,Will,,
882,Will (orphan),,(orphan)
