Component 1,Component 2,Component 3,Pokémon
2.9787612,-5.0255733,12.717968,bulbasaur
-1.8671277,-11.293063,0.5385712,ivysaur
3.6285698,-22.29174,-5.353486,venusaur
-11.56843,-14.233504,-4.9659657,charmander
-9.617113,-16.628181,-3.3042192,charmeleon
-15.915886,-8.512886,-8.61323,charizard
2.0786595,-19.551924,-4.833551,squirtle
6.49187,4.842427,-11.726032,wartortle
8.199622,-7.921628,-0.08921235,blastoise
-2.642254,-10.29293,-14.097687,caterpie
-4.882116,13.40938,26.56704,metapod
9.570499,-18.741264,-7.503004,butterfree
18.638924,6.350288,3.4607046,weedle
-4.3122697,-10.583832,16.973352,kakuna
14.338188,-2.757256,-5.279355,beedrill
13.660853,8.445484,-7.48695,pidgey
11.123937,9.08105,-8.214735,pidgeotto
11.783408,8.153967,-7.936845,pidgeot
-7.083261,-13.051731,-14.054932,rattata
-4.5507183,-10.334159,-14.025926,raticate
-7.304994,-2.2832155,-15.273718,spearow
-1.0551643,2.134212,0.8444764,fearow
-0.49252576,-7.7336407,9.641421,ekans
-14.776935,-6.541433,5.14265,arbok
-12.963338,10.096153,17.121546,pikachu
-13.735665,10.761154,13.969483,raichu
12.238483,-13.991929,-24.331257,sandshrew
7.3408046,-4.2732267,-10.101867,sandslash
-14.671574,-0.018742463,-8.396362,nidoran♀
-15.4358835,-0.5448681,-9.204102,nidorina
10.438566,8.018735,-2.9154618,nidoqueen
-14.671468,-0.018867958,-8.396422,nidoran♂
-15.582043,-0.8358401,-10.057049,nidorino
-16.602524,-0.35934055,-10.351579,nidoking
10.985451,-17.756935,8.911587,clefairy
11.873475,-11.102129,-1.529318,clefable
1.5583338,3.9019854,10.791861,vulpix
21.875643,-1.3664072,-21.585493,ninetales
21.671234,-23.427504,3.9470515,jigglypuff
21.55999,-22.908339,4.6497693,wigglytuff
3.1847951,-13.407205,10.214117,zubat
22.306704,-0.67401665,14.800578,golbat
-7.5998874,17.3249,-3.430238,oddish
-0.08346384,10.829434,-9.675481,gloom
17.296902,-3.1911235,4.247885,vileplume
-9.944774,-4.8024507,-4.7228184,paras
-10.405749,-4.289349,-3.113554,parasect
-13.264732,-9.872393,14.427621,venonat
2.9646533,16.425936,4.9569416,venomoth
12.873091,2.447868,-12.180951,diglett
4.90292,8.006973,-19.379316,dugtrio
2.058461,17.478136,5.364336,meowth
-9.123014,-1.6596887,-4.390703,persian
-2.0911732,-6.2097664,18.121687,psyduck
3.4752855,0.12152632,10.113597,golduck
-17.360613,-1.3527591,11.529388,mankey
0.68382496,-12.719614,-15.193886,primeape
8.740588,3.592687,-11.9059,growlithe
-18.777643,3.74246,-6.9054365,arcanine
5.662334,13.708959,27.097282,poliwag
17.87205,11.366967,17.764748,poliwhirl
18.18103,11.715076,17.076,poliwrath
-16.277382,-6.8009357,2.6385236,abra
-17.208223,-7.54201,2.310295,kadabra
-20.352682,-4.5589023,1.0378695,alakazam
-19.831316,6.5150075,1.6308175,machop
-20.231882,5.675094,2.5228958,machoke
-19.529428,3.4736848,4.651918,machamp
23.362513,-4.5987463,3.4402025,bellsprout
17.231628,-3.7336698,2.5243542,weepinbell
16.288216,-10.416125,-14.217265,victreebel
11.674783,16.270243,0.70957637,tentacool
-4.776119,-13.736143,-5.447037,tentacruel
21.334745,5.751023,-2.4664102,geodude
-2.776876,7.463305,-25.30505,graveler
1.7203879,11.006309,-7.961346,golem
-20.668612,-3.3825336,12.890468,ponyta
-9.089807,-6.5143504,-7.065351,rapidash
-5.057119,6.248234,-3.8675401,slowpoke
8.597614,22.774992,-6.053339,slowbro
-15.5130005,-5.576435,17.777534,magnemite
-14.869973,-7.477394,15.314256,magneton
10.732083,-15.822578,0.67067033,farfetch'd
-10.810532,17.609663,-5.614421,doduo
-10.841108,18.094418,-5.323273,dodrio
12.737286,-5.0122604,-9.042106,seel
22.868324,4.381018,-4.487731,dewgong
1.1860849,-3.1966927,-19.752716,grimer
-3.6097353,-1.511228,15.787489,muk
13.868198,-3.1648765,-7.184819,shellder
0.42863762,-18.189304,-2.560036,cloyster
1.1999145,-10.55391,-1.1571888,gastly
-12.551572,-11.196726,-1.2342272,haunter
-18.54894,7.2470903,-4.794174,gengar
1.0695039,7.6897078,10.076632,onix
3.6503062,-7.455861,-27.322336,drowzee
-16.430582,9.247782,4.2478957,hypno
-15.004986,-6.9363976,5.9782386,krabby
19.956215,4.845856,-6.4120584,kingler
-3.3372746,29.288904,-5.9021773,voltorb
14.480052,-12.590454,-12.1740465,electrode
8.797484,7.9999056,-19.076372,exeggcute
8.099765,8.005596,-18.569168,exeggutor
-4.6952147,15.164554,6.0450606,cubone
-25.105572,0.64533025,1.4965949,marowak
13.7294235,-0.8729493,-10.561484,hitmonlee
-3.1542084,5.120294,5.947807,hitmonchan
2.7218678,17.564188,12.61701,lickitung
-0.2862605,-0.18637201,-7.4499803,koffing
15.303518,1.2047417,-11.21502,weezing
-22.73324,12.1836195,2.0874825,rhyhorn
-23.502651,12.518017,1.9369721,rhydon
-11.004713,-13.72667,-3.0664752,chansey
-14.707963,-6.5138006,13.524773,tangela
-4.8166533,-11.361969,16.232264,kangaskhan
-7.8588824,2.5941777,-10.262056,horsea
-7.6667423,-5.1074104,-4.7453737,seadra
21.65816,4.9247055,-4.2877107,goldeen
-1.3207995,-7.6279674,9.547912,seaking
-1.0500598,-11.818486,0.95745426,staryu
-3.1418972,-5.59061,-16.424429,starmie
4.782847,-6.4921637,-18.539373,mr. mime
-0.03975617,-17.51856,-1.9535428,scyther
1.8607248,8.013045,9.358535,jynx
11.854125,-8.792835,9.05848,electabuzz
-21.881474,-4.0183253,2.4921973,magmar
-9.678483,-0.6276499,-4.0062804,pinsir
-1.2596322,-11.94518,2.6743526,tauros
-34.13013,-11.521112,0.50325716,magikarp
-5.9207706,-6.601435,-5.900125,gyarados
-10.0936,-5.0350995,-4.857546,lapras
10.222311,12.856187,-9.955566,ditto
12.45234,7.7524185,-21.21621,eevee
-14.101631,7.7164965,-11.077633,vaporeon
10.7665205,15.063731,1.5863008,jolteon
0.46945855,1.6531394,-0.79425883,flareon
-14.38546,9.607172,-12.5817995,porygon
-19.365618,-2.945942,12.555606,omanyte
-3.5836952,-15.460085,1.7095109,omastar
-6.775889,3.0877347,23.747753,kabuto
-6.75207,3.2744732,23.662266,kabutops
20.230186,-16.26338,-0.5628605,aerodactyl
1.6827649,-4.8630753,-4.1749206,snorlax
-1.5019133,3.6086478,7.265378,articuno
-9.459503,1.6008195,-8.258571,zapdos
8.44069,-0.12670328,-15.84651,moltres
-16.816088,-4.060165,-8.548523,dratini
-9.636905,5.244894,-25.69937,dragonair
-1.8675915,5.6355357,2.3730025,dragonite
1.8387374,17.630264,5.812061,mewtwo
10.2197275,8.653135,7.3549457,mew
-15.515032,15.769037,11.679373,chikorita
11.751174,-9.769897,-1.9856778,bayleef
-15.573151,-5.453745,18.064222,meganium
8.440919,-18.354301,9.235487,cyndaquil
8.759667,-0.63737774,17.02771,quilava
5.011568,16.99905,2.7123578,typhlosion
10.335601,11.261296,-8.994528,totodile
3.0445323,19.271784,-4.333726,croconaw
-15.332433,-13.281148,4.4506245,feraligatr
-2.5972762,-12.851008,-6.017345,sentret
9.985187,-20.132277,-8.000037,furret
-18.376318,13.26162,2.4112306,hoothoot
10.040917,15.686784,1.2050346,noctowl
12.574401,-8.845255,-1.4674692,ledyba
9.311279,2.8457026,-0.20817614,ledian
-10.097142,-2.7530565,-5.303181,spinarak
-6.8114915,-6.3401713,-5.956795,ariados
-14.048819,-5.7264924,4.059491,crobat
-10.918879,13.436306,11.064973,chinchou
-11.204238,-10.695304,13.312225,lanturn
-12.928982,10.13688,16.943954,pichu
9.973951,-15.450159,1.5495255,cleffa
21.617022,-23.168499,4.298976,igglybuff
12.089152,7.435696,-8.255402,togepi
11.007596,6.116065,-10.704343,togetic
2.1714692,-14.3525305,8.38125,natu
2.6628678,-13.913148,8.856249,xatu
0.3568339,-12.605724,-15.097695,mareep
10.389404,-14.749369,2.344678,flaaffy
-25.774002,-1.2074881,-4.08201,ampharos
5.0840344,6.096244,-4.0712523,bellossom
13.733451,-12.556639,17.532661,marill
13.58733,-11.693595,18.461287,azumarill
-10.806666,16.472067,-6.3315735,sudowoodo
10.360547,10.980773,-8.827221,politoed
-0.64285004,11.934704,19.321526,hoppip
-5.6796336,6.465899,-3.6172054,skiploom
12.636033,-22.368946,-5.2225575,jumpluff
-4.555019,9.069981,17.811817,aipom
0.6656493,-9.351478,7.8034782,sunkern
4.205572,-11.780014,4.643398,sunflora
-19.07057,1.1144055,6.864276,yanma
-6.8725905,-2.2025118,-14.268094,wooper
3.6852534,-22.569944,7.429468,quagsire
20.228685,12.172101,-14.332869,espeon
-3.895523,15.381087,5.217466,umbreon
13.133763,-27.81284,-14.391051,murkrow
-3.2613773,-7.492562,8.275356,slowking
-7.227372,-9.231343,-21.07554,misdreavus
-13.781293,9.502572,5.481742,unown
33.56038,14.947269,-18.757162,wobbuffet
-14.222204,-13.76188,5.5304503,girafarig
-1.2525842,11.984896,14.079732,pineco
-2.413423,-2.097195,-28.522757,forretress
3.4966688,-21.211006,-6.618983,dunsparce
10.120848,0.9306829,15.388351,gligar
14.882735,-6.6444097,-10.146073,steelix
4.6136107,0.711942,29.535221,snubbull
11.589115,-3.6266294,20.681576,granbull
16.539845,9.981482,20.512695,qwilfish
3.9063585,12.318098,-15.404626,scizor
0.7654236,-20.767065,-5.4153657,shuckle
-7.1246705,2.378654,-11.381007,heracross
11.23496,-5.631996,-8.869464,sneasel
-7.8751693,-12.890134,-22.763985,teddiursa
3.006692,-21.004076,8.51461,ursaring
8.940511,-1.780463,15.296796,slugma
-19.390398,6.692396,-0.96708083,magcargo
4.768855,-6.383069,11.515632,swinub
21.213549,17.308031,19.849852,piloswine
6.886147,19.038984,-3.928621,corsola
-4.97039,2.7262123,-25.366837,remoraid
12.353653,-7.992697,4.49332,octillery
14.5354395,-2.2887344,-3.5561135,delibird
-13.746107,-7.0828323,15.793064,mantine
0.9841019,-3.627427,0.76063484,skarmory
-12.907329,13.810571,-6.693457,houndour
-12.302601,14.555069,-6.6246605,houndoom
-29.280245,1.008838,13.793739,kingdra
-14.349986,3.5575526,5.3075805,phanpy
-36.430443,13.824449,7.456589,donphan
-14.385532,9.608103,-12.582422,porygon2
-3.0382361,-13.013597,-5.5921855,stantler
-2.39659,8.203153,-25.33249,smeargle
7.572783,6.8742385,-16.72197,tyrogue
4.144911,17.119957,3.439207,hitmontop
-3.2347403,9.489284,-10.705847,smoochum
19.784758,0.52445287,-4.053702,elekid
-0.8165768,3.119811,18.776167,magby
-13.453316,8.887053,20.845177,miltank
9.391328,-8.222355,-0.95823824,blissey
-1.8480523,0.68691856,2.7183583,raikou
14.080398,1.3055739,-11.512078,entei
2.6367345,-25.249773,-3.6606848,suicune
-16.046528,-12.923681,3.6383715,larvitar
-10.789337,5.896732,-3.9625583,pupitar
-6.0564327,-16.61742,8.719946,tyranitar
9.599994,-0.892536,15.928428,lugia
-19.995867,10.909457,2.715337,ho-oh
9.146903,-6.080946,11.085667,celebi
13.9678135,-14.0475645,-11.75658,treecko
7.9005527,5.7992244,-15.27131,grovyle
15.894496,-6.574617,-9.695713,sceptile
-14.702056,15.379894,11.580625,torchic
-5.020793,15.077992,6.3835955,combusken
7.841626,-8.337504,11.374488,blaziken
-3.9663155,-2.1698463,16.069294,mudkip
-25.912043,-1.5127904,-4.9672213,marshtomp
-4.3567586,-4.579084,-16.147528,swampert
-17.75549,9.3454895,3.4992692,poochyena
-14.786898,-5.2474794,15.31488,mightyena
-20.29737,12.330434,-12.90428,zigzagoon
11.662524,12.695383,3.1599963,linoone
11.118921,8.267118,5.664584,wurmple
7.1201773,16.628885,0.49914262,silcoon
13.491771,-16.015741,6.7797403,beautifly
3.0510914,19.34681,-4.330358,cascoon
20.379751,17.911055,-11.060319,dustox
12.740603,-20.808243,9.677607,lotad
-2.9622195,15.649967,3.221049,lombre
12.569317,-24.159767,20.622593,ludicolo
20.173796,15.42405,-12.501276,seedot
8.126236,-16.723108,2.0101311,nuzleaf
-0.66044015,-16.46001,-1.1139406,shiftry
7.506891,-6.6573277,2.530105,taillow
33.188675,10.302954,15.277845,swellow
6.1885204,0.09617946,14.615679,wingull
1.7575554,-13.113982,-15.510851,pelipper
0.09994959,-11.526356,-1.8198874,ralts
6.594474,20.376104,15.243467,kirlia
-5.3140645,3.6499848,-25.302736,gardevoir
-2.123297,-11.014125,21.82819,surskit
4.0836997,-24.305367,6.523338,masquerain
-6.6520734,6.226371,-10.617997,shroomish
-3.114824,15.60738,2.63337,breloom
7.3120494,-9.144983,2.0307,slakoth
-1.9455551,18.371426,-16.514853,vigoroth
-2.8123007,-7.322704,9.511398,slaking
-18.372078,3.4133737,-6.530204,nincada
-9.740446,-13.304023,23.806541,ninjask
7.7289443,3.0995955,-0.8632878,shedinja
-9.339804,6.7061567,12.249932,whismur
19.460863,8.880553,-0.447602,loudred
19.938103,14.793511,-3.5168724,exploud
-13.210479,9.436115,19.303173,makuhita
-20.682648,-7.195691,3.182278,hariyama
13.578517,-11.653464,18.502432,azurill
9.19823,-4.6508107,-9.3771515,nosepass
-3.3059616,-8.807073,19.783464,skitty
20.431091,-16.016695,-1.1963754,delcatty
11.58894,-9.373342,-2.0391226,sableye
11.22432,5.0229845,5.5601573,mawile
1.4386286,-1.7439712,2.6497254,aron
1.7642179,-1.5441356,2.8683445,lairon
-18.592731,7.6810017,-4.577291,aggron
13.59178,1.7562621,-13.375186,meditite
-20.152645,4.6037536,3.6113384,medicham
15.016348,-10.515083,-12.493513,electrike
-6.974796,-14.56242,-6.167917,manectric
22.708046,-4.0507965,4.271332,plusle
12.334295,13.734713,5.770138,minun
21.722143,-0.07000445,15.88633,volbeat
16.767424,-2.4729981,5.865115,illumise
6.508326,-8.962916,-6.047199,roselia
6.38737,0.28860992,14.515672,gulpin
6.8649716,-8.018153,1.82803,swalot
-14.613721,-10.202412,-0.25833866,carvanha
-8.244861,2.6804087,-9.703736,sharpedo
10.936782,5.232883,5.153016,wailmer
2.752611,-1.064959,3.4630966,wailord
12.949743,11.179032,3.923685,numel
-1.250312,-18.401249,-14.815151,camerupt
-17.053495,18.43357,11.783467,torkoal
-7.3230295,6.9313893,-3.044253,spoink
7.7476606,1.9865584,14.636564,grumpig
-10.335057,0.7610769,-7.2309647,spinda
-12.709402,-16.226042,-7.2846565,trapinch
-18.815252,-15.552318,3.8580706,vibrava
-0.310768,-0.5130899,-8.421486,flygon
-8.991607,-12.994358,-5.522088,cacnea
-7.1761656,-14.635817,-5.6915226,cacturne
3.1815357,-6.2510777,12.509652,swablu
-16.493029,-12.527116,2.9243052,altaria
-21.043276,12.541193,-13.087268,zangoose
-0.8200859,-3.9099972,-13.405852,seviper
-12.83325,-10.6585655,14.201223,lunatone
6.967588,19.13337,-3.9828331,solrock
-14.964252,-5.7915726,2.8264432,barboach
-7.5121794,20.779917,18.556343,whiscash
-7.244076,4.7504444,-10.356527,corphish
0.8142265,-13.784145,6.3299155,crawdaunt
22.299503,-0.6757281,14.815937,baltoy
11.942219,-19.680286,9.526963,claydol
17.077799,-3.6531053,3.8174353,lileep
10.898051,-17.899662,9.203062,cradily
-2.716493,4.27879,5.9393754,anorith
-25.304008,0.25668055,-0.14794672,armaldo
11.351263,-9.526243,-3.2536442,feebas
2.8285694,18.481983,11.468509,milotic
-2.295667,-15.36528,0.54056746,castform
21.238884,0.08225043,-4.199088,kecleon
-9.2923765,-3.928971,-16.852072,shuppet
-1.6041341,-12.042617,-7.198218,banette
23.180498,-3.8976533,5.3591795,duskull
-1.1432103,-5.8319225,18.053555,dusclops
-9.08927,6.959027,-2.5750945,tropius
-11.397835,13.078163,11.527243,chimecho
3.312741,-7.0772085,13.549458,absol
1.6806262,-14.974493,8.338286,wynaut
1.295102,-10.382109,6.8060904,snorunt
11.403509,-3.108062,13.051059,glalie
-9.574169,-4.860403,-18.228952,spheal
12.53512,-5.142887,-9.027603,sealeo
10.422018,5.1958847,4.357659,walrein
13.85076,-13.298338,16.747047,clamperl
3.8436384,-17.074575,8.635886,huntail
16.233273,10.108944,-6.972175,gorebyss
-12.326007,-16.958279,-7.104223,relicanth
-0.22831966,-5.4881945,17.93461,luvdisc
-7.040052,1.8804933,6.137036,bagon
7.263665,5.702159,-3.0763435,shelgon
10.740652,-6.4906526,-8.511999,salamence
13.932161,10.528746,4.0196133,beldum
-15.028167,-6.7212048,15.049576,metang
-3.3595572,-7.067303,-19.011574,metagross
2.4546664,-1.6073265,-19.636614,regirock
3.5858517,-0.5072822,-20.01108,regice
14.297005,-7.960315,-11.724724,registeel
5.5709763,-7.887681,0.17389338,latias
6.9128838,-7.9381247,1.1741092,latios
7.6718593,6.279118,-15.997818,kyogre
-13.326014,13.275536,-6.73157,groudon
-20.415339,-7.78582,1.0892985,rayquaza
-14.337718,11.6039715,13.355906,jirachi
20.26878,16.685404,-11.715851,deoxys
3.4563758,7.7609086,-20.513624,turtwig
9.290465,4.726844,-12.936058,grotle
5.831508,4.874927,-11.48895,torterra
-12.013175,12.549082,12.148794,chimchar
6.9538856,10.548981,1.9563428,monferno
-7.986523,-1.1152338,-4.99543,infernape
2.0791643,10.714461,19.886614,piplup
2.1682844,10.675482,19.905973,prinplup
20.256563,11.410009,-14.697984,empoleon
0.3506681,-11.382981,-1.2608216,starly
-16.955116,-12.672907,2.427246,staravia
-8.77089,-12.71308,-13.819162,staraptor
-10.553461,19.81238,-6.2674522,bidoof
5.7237296,-8.427504,14.863394,bibarel
13.611037,-14.930173,-11.468643,kricketot
11.909601,-17.318695,-10.043025,kricketune
0.6088371,7.7857165,10.514091,shinx
1.1760345,3.7980661,9.72428,luxio
0.7748756,-12.410395,0.58764917,luxray
14.5778,10.112055,4.205227,budew
-3.320297,-1.0217642,-27.44072,roserade
3.0672174,15.350355,-17.83009,cranidos
-25.524035,-0.6482344,-2.4400616,rampardos
7.777094,5.6011496,-2.8243167,shieldon
-6.5732684,4.178738,5.484943,bastiodon
-2.6553493,1.0920283,14.77416,burmy
-25.150267,-0.07604803,0.901977,wormadam
2.5676062,18.156654,4.199021,mothim
11.876953,28.309505,1.2006845,combee
0.24326149,-4.4307795,-12.807817,vespiquen
-13.841836,11.323144,14.959997,pachirisu
11.978731,-7.1837406,8.633792,buizel
7.2172422,-14.928984,2.4666193,floatzel
-12.977098,9.774016,13.725917,cherubi
0.6502951,-3.7282915,-19.916616,cherrim
5.4509974,6.0070453,-3.898928,shellos
-13.62529,10.220288,-6.6610837,gastrodon
-4.8519363,8.848422,17.896181,ambipom
-10.4359,21.019829,-6.900715,drifloon
14.581251,-2.1800113,-3.1515114,drifblim
2.2017717,1.3452626,25.93054,buneary
-15.041578,9.359442,4.9184732,lopunny
-7.5720677,-6.7468214,-21.944574,mismagius
-20.623314,11.303987,3.8227353,honchkrow
1.318355,11.099816,-6.6829696,glameow
3.8434718,-1.1131155,12.65842,purugly
0.8084191,14.58262,13.70621,chingling
-3.2772622,-8.9319935,18.858992,stunky
-4.0556493,-10.188932,17.390694,skuntank
-15.102201,13.1628685,-15.134279,bronzor
-15.115038,13.0888,-15.089244,bronzong
-0.35518655,-0.8700143,-9.551698,bonsly
4.770018,-6.4825478,-18.542847,mime jr.
-14.46885,3.724581,5.5795164,happiny
-2.4390597,20.465172,-14.00764,chatot
-9.560467,6.625628,-0.43562555,spiritomb
10.41278,-5.2849197,10.422187,gible
10.34928,-3.6681197,9.540796,gabite
-19.736618,6.6479335,1.2080737,garchomp
-17.042343,8.598607,13.799215,munchlax
0.2811346,3.0106442,9.225945,riolu
-0.3322803,3.2147696,8.563451,lucario
-1.124259,12.685689,19.784227,hippopotas
-2.0487812,11.088048,17.306517,hippowdon
-8.6098,7.1510987,-2.6484005,skorupi
-13.567466,0.54450464,-7.478968,drapion
-1.4158372,-22.077335,13.531957,croagunk
-17.249208,16.796402,11.747474,toxicroak
-19.516,3.7433453,-7.938647,carnivine
-1.2107388,3.2794652,-15.16656,finneon
12.100828,12.294281,3.6230583,lumineon
-17.674322,-1.6397107,11.649866,mantyke
-0.5197178,-1.3159782,-11.717571,snover
-16.834755,16.989195,2.492317,abomasnow
11.794581,4.419,6.241969,weavile
-15.373758,-8.497335,15.739414,magnezone
3.9535756,18.645521,12.997848,lickilicky
-1.2727898,-3.2673457,-29.608616,rhyperior
-2.9460244,23.861443,-12.547472,tangrowth
16.27494,-10.40104,-14.196605,electivire
-22.331812,-3.693305,2.764681,magmortar
-0.80006397,-15.517963,26.360672,togekiss
-19.171782,0.20749651,6.739477,yanmega
0.5801873,1.6358157,-0.93739176,leafeon
2.6467037,13.355671,-5.572032,glaceon
3.912987,12.256596,-15.359397,gliscor
-14.651993,0.29261795,18.521334,mamoswine
-14.569181,10.301819,-13.213286,porygon-z
12.261035,-2.3214593,13.889384,gallade
-7.756719,-0.35559383,-15.774733,probopass
-8.499811,9.691035,-3.0774903,dusknoir
6.560514,-1.5376772,-5.730011,froslass
1.1299026,24.889362,1.4233832,rotom
2.013963,4.383236,9.298563,uxie
-3.0200255,-5.3375897,-16.148083,mesprit
8.163255,-15.970433,1.7802768,azelf
11.5997505,-1.7525766,14.673742,dialga
0.40632,11.867119,28.637522,palkia
-12.707372,-10.889516,-1.0873464,heatran
10.464851,1.8418707,16.212162,regigigas
-16.98648,-3.8455145,-8.444355,giratina
7.298302,-10.166416,-8.9343,cresselia
-1.1547791,12.093326,14.12547,phione
-19.08625,2.131404,5.932393,manaphy
-16.2089,-7.595278,-8.689817,darkrai
-14.387789,0.35673836,17.144815,shaymin
3.3200946,-21.324495,-6.0798144,arceus
0.22872096,21.442669,9.342703,victini
-4.372027,-8.367395,0.212497,snivy
-0.68076175,-3.6448495,-13.141204,servine
-1.4552535,-3.0805385,-29.437834,serperior
12.724212,7.0062094,-8.158335,tepig
13.176795,6.1162186,-8.176106,pignite
-2.4320464,15.808161,4.135245,emboar
-17.365547,14.629803,2.3421104,oshawott
10.200275,13.197344,-10.159819,dewott
-1.3966569,-12.484715,3.038106,samurott
-7.637547,-12.935722,-13.977132,patrat
-2.4990442,20.733921,-13.728216,watchog
16.426903,-5.6879783,5.3214464,lillipup
0.67744815,-4.274666,-21.092073,herdier
1.2396955,-11.351407,4.828938,stoutland
0.22657833,1.6962893,9.365025,purrloin
9.543841,2.2662158,0.90002227,liepard
-8.679396,-3.0097475,-3.1411521,pansage
-7.243622,-7.367325,-21.260748,simisage
-9.106699,-2.9134314,-3.7901375,pansear
-7.0963874,-7.936392,-21.084047,simisear
-11.335234,5.507963,-4.497798,panpour
-9.374546,6.739503,-1.0115695,simipour
12.352916,13.845452,5.9317183,munna
5.2013516,-25.540682,7.1944027,musharna
10.809594,7.9211707,-5.4825635,pidove
5.869943,-18.46618,9.005688,tranquill
8.012114,-17.765312,2.3242002,unfezant
11.767689,-6.8184066,7.6951346,blitzle
-3.4037147,-7.96414,-15.174883,zebstrika
-19.06437,8.738751,-4.0785074,roggenrola
-3.3389754,15.549596,1.7348937,boldore
10.446646,1.100441,14.385275,gigalith
-16.184425,15.649976,2.2572212,woobat
-16.515512,15.709266,2.31582,swoobat
-1.697712,2.1627223,11.897893,drilbur
11.091055,-16.958172,10.78342,excadrill
-8.236013,12.003724,-3.1710176,audino
-2.0270717,1.9566077,12.555068,timburr
0.9839901,-21.77517,10.305252,gurdurr
19.921972,9.549922,-1.3727245,conkeldurr
16.420883,29.568203,4.78734,tympole
0.32953233,12.246211,27.969957,palpitoad
-5.727752,-7.2367463,-20.354492,seismitoad
-20.419775,11.195411,2.2382388,throh
0.53821594,-7.4337916,10.291754,sawk
18.420856,7.514678,2.5169115,sewaddle
4.9194493,-9.480012,3.8472366,swadloon
-14.005184,-33.240646,8.832938,leavanny
25.444216,8.356519,-5.4458585,venipede
1.8381989,-5.7906,-23.869572,whirlipede
16.424616,-6.5307417,-9.454967,scolipede
11.92766,16.442316,0.5754884,cottonee
1.5867275,19.108435,7.878729,whimsicott
15.819388,-4.663994,4.6118093,petilil
18.298073,-0.23953652,22.605953,lilligant
6.1180563,-6.822502,11.582178,basculin
8.751636,3.0134296,-0.5033995,sandile
-13.265225,18.161518,-17.584517,krokorok
-13.213411,18.27861,-17.630686,krookodile
-19.180489,-6.983053,2.1561294,darumaka
-17.829395,-10.125708,-0.9001545,darmanitan
-4.2111597,-15.556715,2.2916684,maractus
15.400004,9.614401,4.473485,dwebble
1.7994853,-20.024178,-5.315027,crustle
7.0758324,12.330984,-17.544355,scraggy
-1.5194787,-15.273951,-0.10080432,scrafty
19.478281,10.615353,25.072708,sigilyph
-18.918028,1.5734992,8.097523,yamask
6.0324244,11.079363,-17.012321,cofagrigus
4.170619,7.9184813,-19.923988,tirtouga
-10.527423,-12.345872,-13.546993,carracosta
-10.783519,-14.330819,-4.1942515,archen
-7.720182,3.2558122,-10.241904,archeops
-8.445066,5.3065777,12.498952,trubbish
-14.942514,11.551752,-6.7633805,garbodor
-1.4258395,-1.3021032,3.5545251,zorua
-14.201276,15.994643,-16.690916,zoroark
-7.0565786,22.316078,9.765789,minccino
-7.0633025,22.313326,9.765478,cinccino
-2.1724246,19.374233,-15.292726,gothita
-2.086659,19.001755,-15.745041,gothorita
13.247091,-5.071653,4.3064356,gothitelle
6.552223,-1.5159463,-5.71169,solosis
-8.464249,10.497382,-3.1867406,duosion
2.6340427,-25.239576,-3.66298,reuniclus
20.633305,-15.764453,-1.8443974,ducklett
-8.618122,-20.645523,20.043215,swanna
18.066446,0.047279704,21.3968,vanillite
18.956648,-0.0890547,20.51017,vanillish
16.785934,0.017898103,21.206974,vanilluxe
20.187098,4.842313,-6.116753,deerling
1.7314943,-6.9514356,11.238966,sawsbuck
1.6635946,11.0262165,-7.1046076,emolga
-16.754343,-9.880334,2.3941557,karrablast
7.2946067,-10.179094,-8.948659,escavalier
-7.937887,10.609718,-10.6608305,foongus
-6.208091,8.490311,-10.846595,amoonguss
16.59967,9.992164,20.43294,frillish
-13.23833,-20.480377,-8.353394,jellicent
-26.343975,2.5541244,0.7561604,alomomola
10.367124,-6.386853,3.990339,joltik
11.281817,-2.8463933,19.48201,galvantula
-3.2040288,-1.1655993,-27.580956,ferroseed
4.720076,4.9193006,-11.100277,ferrothorn
-5.5045934,-5.088468,12.006848,klink
-3.1666174,-7.167928,9.998573,klang
-4.3414946,-6.3793554,10.739305,klinklang
-19.768528,-3.0843487,12.659046,tynamo
14.936499,-10.467013,-12.317959,eelektrik
13.55017,-7.580485,-12.226728,eelektross
2.5602818,11.035406,-8.79174,elgyem
13.202889,7.7209086,-21.591745,beheeyem
2.9705045,18.13709,12.187707,litwick
-16.421926,-6.457509,14.604319,lampent
-8.518256,-15.996934,-4.359184,chandelure
9.761186,8.683822,8.256164,axew
9.633374,-20.351295,-8.594714,fraxure
-2.2964664,-10.431387,3.4673233,haxorus
-9.8548155,14.00196,10.123507,cubchoo
-3.5594509,-9.880726,-14.218822,beartic
4.164108,16.275019,-3.969719,cryogonal
13.637147,-2.4340348,-9.409003,shelmet
2.7824783,13.6824045,-5.384242,accelgor
-2.1288576,-11.006256,21.805176,stunfisk
6.9687076,10.55387,1.9554818,mienfoo
-14.516833,0.3319379,17.835659,mienshao
-11.343138,18.480299,-4.2018332,druddigon
10.385764,5.194904,-12.603743,golett
3.3568249,0.12911667,10.32147,golurk
-13.089274,0.87560886,-6.6450186,pawniard
-9.347311,-6.6650686,-7.4397025,bisharp
5.64815,-13.126775,3.879742,bouffalant
10.56886,-20.586233,-7.3539176,rufflet
-18.803642,-15.540885,3.8675303,braviary
20.859232,-1.7742085,17.989405,vullaby
3.6343951,-13.082209,11.082696,mandibuzz
-0.35931882,16.465595,4.654197,heatmor
1.5094894,-13.244893,6.726522,durant
10.226604,7.68183,-3.7620819,deino
13.274249,-7.3942523,9.626891,zweilous
-24.188437,12.817454,1.7976543,hydreigon
-0.2663056,-11.722018,-2.9402032,larvesta
5.958425,17.08344,-2.6243956,volcarona
6.9136896,16.686483,-0.108609475,cobalion
-1.9658834,4.0443406,3.1232386,terrakion
-1.2014955,23.36879,10.148978,virizion
1.7538453,-11.570727,5.7254553,tornadus
-22.272097,12.827514,31.332254,thundurus
-0.17582628,-4.0930552,-19.247566,reshiram
11.807544,25.703455,25.148062,zekrom
3.7490895,-11.406728,4.8264503,landorus
-3.212216,-0.588209,15.424611,kyurem
20.171926,0.42794797,-4.0905747,keldeo
12.033104,6.3501534,-13.695101,meloetta
10.943739,7.8189597,-20.421015,genesect
-1.5673174,11.243964,13.365448,chespin
7.6139436,-18.43475,9.195901,quilladin
-11.684107,-12.727951,-2.0273988,chesnaught
-1.224512,3.3292758,-15.198189,fennekin
-22.50493,-7.2872868,-23.102133,braixen
19.938166,14.80166,-3.522835,delphox
-1.4993376,2.0786526,1.7147669,froakie
-5.3294115,3.641896,-25.301582,frogadier
-18.645004,5.6749206,-5.7213354,greninja
2.6547682,1.2660546,26.630877,bunnelby
15.082982,9.337828,-7.158508,diggersby
-12.620345,-18.95589,-7.6748986,fletchling
-11.869253,-17.958408,-7.0188775,fletchinder
6.585773,-14.244952,3.035525,talonflame
1.1430641,-18.606403,-6.880573,scatterbug
-7.9295797,-3.0828347,-15.993373,spewpa
18.951231,1.1082478,20.534437,vivillon
11.830483,-6.538369,4.777928,litleo
1.0454189,-3.3847349,1.0002561,pyroar
4.2030563,-8.002683,14.7213545,flabébé
11.772158,6.169155,-13.521042,floette
9.444045,4.028806,-14.151138,florges
-7.599559,17.319431,-3.4287815,skiddo
-16.813915,9.72649,-5.7767997,gogoat
-19.31826,2.9515932,5.144016,pancham
-14.243256,8.601307,-11.65064,pangoro
12.0071745,-23.81179,-9.794053,furfrou
6.932125,-21.125134,-8.202173,espurr
1.6965439,18.689919,7.318009,meowstic
21.793983,4.9716787,-4.131342,honedge
19.245787,8.717885,-0.053240627,doublade
-9.169994,-5.9394474,-19.582304,aegislash
-1.8118533,-4.6729226,-14.702069,spritzee
-3.761476,-6.9093843,-18.917498,aromatisse
14.494463,10.204007,22.034473,swirlix
12.124962,-21.953053,-5.7814946,slurpuff
-16.473372,-0.6455905,11.339628,inkay
-21.026537,-4.67259,1.922396,malamar
7.338332,-7.4356,11.776532,binacle
-20.488808,-11.764653,7.980682,barbaracle
6.166232,-21.828384,-9.529397,skrelp
13.0140915,-2.2218804,13.87048,dragalge
-8.101114,-15.511984,-4.79083,clauncher
29.747467,-15.29668,14.546979,clawitzer
14.956254,-4.69763,4.4274626,helioptile
16.872074,-1.2469436,7.13374,heliolisk
-4.614587,-16.184744,8.803221,tyrunt
-5.0441265,-16.312948,8.777861,tyrantrum
-19.817785,-6.981734,2.146006,amaura
0.65088516,-20.67421,9.155248,aurorus
-0.41901073,-1.1191676,-10.569853,sylveon
-15.861267,9.30678,13.845462,hawlucha
24.769815,7.791167,-5.3252325,dedenne
-26.807539,-16.598343,20.596523,carbink
-0.42410037,10.773241,-9.865062,goomy
1.9823422,12.287954,-13.196218,sliggoo
-14.719701,11.458442,-6.71617,goodra
-5.5805116,-4.907858,12.21009,klefki
-13.89158,2.9962053,4.3861465,phantump
-1.4716398,-12.897168,-7.3301015,trevenant
-6.567742,4.9167213,22.945017,pumpkaboo
6.9113493,8.283842,-18.122517,gourgeist
12.688971,-2.966204,-23.097494,bergmite
10.512572,-1.4601879,16.761265,avalugg
-6.4151697,3.7470064,5.647225,noibat
-0.6323828,0.46854228,-13.309311,noivern
-10.773418,-8.4572315,-0.8759342,xerneas
20.955437,-1.5662311,17.761538,yveltal
31.253704,16.924946,5.682353,zygarde
10.516436,2.9778311,-0.65491885,diancie
-19.247223,9.818493,2.78034,hoopa
6.662647,16.759218,-0.8377992,volcanion
8.51697,4.621892,-12.481482,rowlet
-16.536314,-6.0030746,-8.739775,dartrix
21.416744,5.7612634,-1.4861826,decidueye
13.488525,1.8079816,-11.608634,litten
-9.461283,-12.5581875,-13.714541,torracat
-19.815727,3.7091436,-8.398973,incineroar
-0.45573908,11.777477,19.297354,popplio
-0.64034605,0.60091645,-13.418515,brionne
-27.493217,-8.533291,-14.167161,primarina
-5.3305473,-3.5530698,14.019186,pikipek
2.197635,-8.847697,33.902973,trumbeak
-13.098804,-11.773896,14.362318,toucannon
-7.9505353,10.618656,-10.664727,yungoos
-6.0883827,8.20904,-10.821686,gumshoos
-7.616967,3.983619,12.675812,grubbin
-15.575491,-5.2369285,1.603207,charjabug
21.39476,0.9571482,16.33198,vikavolt
-20.48824,-11.771086,7.98001,crabrawler
6.9747796,-8.23539,13.930874,crabominable
-18.13323,16.356525,11.754007,oricorio
13.451633,-16.049112,6.8172393,cutiefly
33.246,0.16799015,-19.913937,ribombee
12.007849,-23.825838,-9.82059,rockruff
4.011738,16.247335,-4.0773644,lycanroc
-7.502497,20.780783,18.562487,wishiwashi
3.3144338,-24.777407,4.9687138,mareanie
9.1334,8.746288,9.622061,toxapex
-2.6116393,1.3016095,14.861593,mudbray
18.38527,8.150154,1.8248981,mudsdale
1.8470045,-5.79932,-23.887386,dewpider
-19.450464,-9.785069,-1.336333,araquanid
-17.77519,1.2783405,21.664782,fomantis
4.78596,-18.388311,8.815819,lurantis
38.627895,4.400852,1.9883556,morelull
0.33064568,21.289516,9.258229,shiinotic
5.0429554,-7.9336143,-0.17990409,salandit
7.565946,-15.614517,0.5717075,salazzle
11.886958,-21.734734,-5.9974246,stufful
30.358475,-7.2844667,-3.4812663,bewear
20.16678,13.885022,-13.447201,bounsweet
11.383097,7.798099,-20.658722,steenee
-11.063842,-8.776133,-0.94394433,tsareena
12.507725,28.313526,1.6422598,comfey
0.996382,-21.026587,9.428279,oranguru
-10.900045,-6.901831,-26.436073,passimian
-3.6338782,9.755399,17.551935,wimpod
1.6848575,12.485523,-12.962916,golisopod
2.9693263,-8.967165,-1.0732284,sandygast
7.537102,-4.3136106,-10.027354,palossand
2.2128787,-2.3331206,13.859649,pyukumuku
21.286722,-3.3786058,3.86474,type: null
20.053648,-1.2557377,19.228365,silvally
-1.7848932,24.004885,10.444176,minior
-25.224592,1.8233855,1.0157837,komala
-7.043789,18.290104,-32.942238,turtonator
17.1239,18.180336,-29.845938,togedemaru
-4.427814,-2.6938133,16.831736,mimikyu
-8.714813,5.7307696,12.429892,bruxish
-25.398746,-0.294392,-1.4911703,drampa
13.753305,-2.5145106,-8.92462,dhelmise
-14.816697,29.702911,-16.258825,jangmo-o
-24.662891,2.4261718,1.2361095,hakamo-o
-23.564411,25.290487,-9.506375,kommo-o
-7.0164757,4.3742766,23.879204,tapu koko
20.578606,-3.5885873,3.9356127,tapu lele
2.8289924,-2.8495593,13.251966,tapu bulu
-14.663569,24.353624,28.515759,tapu fini
-1.7315423,10.202318,-10.273181,cosmog
-2.7149549,9.739662,-10.578598,cosmoem
2.6569064,9.278853,-5.979229,solgaleo
11.454431,-3.2712612,20.145136,lunala
0.24089342,13.842765,13.885724,nihilego
12.87137,-7.91984,9.518995,buzzwole
-8.115164,0.9799349,-15.942046,pheromosa
11.177321,-18.28518,-9.25174,xurkitree
33.27131,-14.032529,-14.40333,celesteela
-16.180092,-10.044378,0.7331758,kartana
-1.8670853,-1.8637017,4.15607,guzzlord
-9.967885,-18.02062,-2.1201468,necrozma
-19.345936,-0.8421792,6.5140343,magearna
